series,volume,issue_date,order,title_es,author,feature_type,themes,page_start,page_end,image_count,review,file
6,2,2012-12,01,Editorial,Edgardo Alegría Reichmann,editorial,,3,3,0,,serie-6/vol-02/01-editorial.md
6,2,2012-12,02,Se suprime el oficio de correo Mayor del Reino de Guatemala,Edgardo Alegría Reichmann,investigacion,Historia a través del correo,4,11,3,,serie-6/vol-02/02-se-suprime-el-oficio-de-correo-mayor-del-reino-de-guatemala.md
6,2,2012-12,03,Quedan abolidos los titulo de distincio en las provincias Unidas del centro de america,Edgardo Alegría Reichmann,investigacion,Historia a través del correo,12,16,4,,serie-6/vol-02/03-quedan-abolidos-los-titulo-de-distincio-en-las-provincias-un.md
6,2,2012-12,04,Los censos en Honduras,Manuel Balladares,investigacion,Historia a través del correo,17,24,17,,serie-6/vol-02/04-los-censos-en-honduras.md
6,2,2012-12,05,Animales para el uso de transporte epistolar,Edgardo Alegría Reichmann,investigacion,Transporte y modernidad,25,29,6,,serie-6/vol-02/05-animales-para-el-uso-de-transporte-epistolar.md
6,2,2012-12,06,El Sobresaliente de Hoy,Edgardo Alegría Reichmann,sobresaliente,Historia a través del correo,30,31,1,,serie-6/vol-02/06-el-sobresaliente-de-hoy.md
6,2,2012-12,07,Intercambio filatélico,Edgardo Alegría Reichmann,investigacion,Historia a través del correo,32,32,0,,serie-6/vol-02/07-intercambio-filatelico.md
6,2,2012-12,08,Nuevas emisiones,Edgardo Alegría Reichmann,novedades,Historia postal y falsificaciones,33,null,0,,serie-6/vol-02/08-nuevas-emisiones.md
6,5,2014-06,01,Editorial,Edgardo Alegría Reichmann,editorial,,3,3,0,,serie-6/vol-05/01-editorial.md
6,5,2014-06,02,El escándalo de los sellos de oro treinta y cuatro años despues,Edgardo Alegría Reichmann,investigacion,Intriga y escándalo,4,20,8,,serie-6/vol-05/02-el-escandalo-de-los-sellos-de-oro-treinta-y-cuatro-anos-desp.md
6,5,2014-06,03,Una carta con mucha historia,Edgardo Alegría Reichmann,investigacion,Historia a través del correo,21,33,10,,serie-6/vol-05/03-una-carta-con-mucha-historia.md
6,5,2014-06,04,Historia del aeropuerto Toncontín,Edgardo Alegría Reichmann,investigacion,Transporte y modernidad,34,41,8,,serie-6/vol-05/04-historia-del-aeropuerto-toncontin.md
6,5,2014-06,05,Falleción don eugenio Von Boeck,Edgardo Alegría Reichmann,investigacion,Historia a través del correo,42,42,3,,serie-6/vol-05/05-fallecion-don-eugenio-von-boeck.md
6,5,2014-06,06,El Sobresaliente de Hoy,Edgardo Alegría Reichmann,sobresaliente,Historia a través del correo,43,46,3,,serie-6/vol-05/06-el-sobresaliente-de-hoy.md
6,5,2014-06,07,El récord mundial de pegar estampillas,Edgardo Alegría Reichmann,investigacion,Historia a través del correo,47,47,0,,serie-6/vol-05/07-el-record-mundial-de-pegar-estampillas.md
6,5,2014-06,08,El Guyana Magenta a la venta,Edgardo Alegría Reichmann,investigacion,Transporte y modernidad,48,null,1,,serie-6/vol-05/08-el-guyana-magenta-a-la-venta.md
6,7,2015-06,01,Editorial zadik collier,Edgardo Alegría Reichmann,editorial,,3,3,0,empty-body,serie-6/vol-07/01-editorial-zadik-collier.md
6,7,2015-06,02,El primer hondureño en la antártida,Edgardo Alegría Reichmann,investigacion,Historia a través del correo,4,20,0,empty-body,serie-6/vol-07/02-el-primer-hondureno-en-la-antartida.md
6,7,2015-06,03,Las casas natales de nuestros próceres,Edgardo Alegría Reichmann,investigacion,Historia a través del correo,21,30,0,empty-body,serie-6/vol-07/03-las-casas-natales-de-nuestros-proceres.md
6,7,2015-06,04,Resolviendo un enigma más,Edgardo Alegría Reichmann,investigacion,Historia a través del correo,31,35,0,empty-body,serie-6/vol-07/04-resolviendo-un-enigma-mas.md
6,7,2015-06,05,Honduras-guía de los matasellos 1878-1940,Edgardo Alegría Reichmann,investigacion,Historia postal y falsificaciones,36,42,0,empty-body,serie-6/vol-07/05-honduras-guia-de-los-matasellos-1878-1940.md
6,7,2015-06,06,Como entusiasmar la filatelia ¿personas por correo?,Edgardo Alegría Reichmann,investigacion,Historia a través del correo,43,45,0,empty-body,serie-6/vol-07/06-como-entusiasmar-la-filatelia-personas-por-correo.md
6,7,2015-06,07,Uso insólito del servicio postal,Edgardo Alegría Reichmann,investigacion,Curiosidades,46,51,0,empty-body,serie-6/vol-07/07-uso-insolito-del-servicio-postal.md
6,7,2015-06,08,El Sobresaliente de Hoy,Edgardo Alegría Reichmann,sobresaliente,Historia a través del correo,52,53,0,empty-body,serie-6/vol-07/08-el-sobresaliente-de-hoy.md
6,7,2015-06,09,Copán en hojita souvenir de mozambique,Edgardo Alegría Reichmann,investigacion,Historia a través del correo,54,54,0,empty-body,serie-6/vol-07/09-copan-en-hojita-souvenir-de-mozambique.md
6,7,2015-06,10,Buzón filatélico/novedades,Edgardo Alegría Reichmann,novedades,Historia a través del correo,55,null,31,,serie-6/vol-07/10-buzon-filatelico-novedades.md
6,9,2016-06,01,Editorial,Edgardo Alegría Reichmann,editorial,,3,3,0,,serie-6/vol-09/01-editorial.md
6,9,2016-06,02,La controversial presencia de Edward a. Burke en Honduras y su relación con la Lotería de Louisiana,Edgardo Alegría Reichmann,investigacion,Historia a través del correo,4,18,9,,serie-6/vol-09/02-la-controversial-presencia-de-edward-a-burke-en-honduras-y-s.md
6,9,2016-06,03,Honduras-guía de los matasellos (segunda parte),Craig F. Anderson,investigacion,Historia postal y falsificaciones,19,23,4,,serie-6/vol-09/03-honduras-guia-de-los-matasellos-segunda-parte.md
6,9,2016-06,04,Dos buques nombrados en honor a Francisco Morazán,Edgardo Alegría Reichmann,investigacion,Transporte y modernidad,24,29,4,,serie-6/vol-09/04-dos-buques-nombrados-en-honor-a-francisco-morazan.md
6,9,2016-06,05,Los sellos sobretasa “centenario de la muerte del General Francisco morazán” y “cruz Roja hondureña”,Edgardo Alegría Reichmann,investigacion,Historia postal y falsificaciones,30,36,11,,serie-6/vol-09/05-los-sellos-sobretasa-centenario-de-la-muerte-del-general-fra.md
6,9,2016-06,06,Nos visitó nuestro socio Christian b,Edgardo Alegría Reichmann,investigacion,Historia a través del correo,37,37,2,,serie-6/vol-09/06-nos-visito-nuestro-socio-christian-b.md
6,9,2016-06,07,El Sobresaliente de Hoy,Edgardo Alegría Reichmann,sobresaliente,Historia a través del correo,38,38,1,,serie-6/vol-09/07-el-sobresaliente-de-hoy.md
6,9,2016-06,08,Buzón de novedades,Edgardo Alegría Reichmann,novedades,Historia a través del correo,39,null,12,,serie-6/vol-09/08-buzon-de-novedades.md
6,10,2016-12,01,Editorial,Edgardo Alegría Reichmann,editorial,,3,3,0,,serie-6/vol-10/01-editorial.md
6,10,2016-12,02,Las Islas del Cisne recuperan su soberanía,Edgardo Alegría Reichmann,investigacion,Historia a través del correo,4,19,15,,serie-6/vol-10/02-las-islas-del-cisne-recuperan-su-soberania.md
6,10,2016-12,03,El sobre que escapó a una revolución,Edgardo Alegría Reichmann,investigacion,Historia postal y falsificaciones,20,44,16,,serie-6/vol-10/03-el-sobre-que-escapo-a-una-revolucion.md
6,10,2016-12,04,Los matasellos Doane,Edgardo Alegría Reichmann,investigacion,Historia postal y falsificaciones,45,47,7,,serie-6/vol-10/04-los-matasellos-doane.md
6,10,2016-12,05,El Sobresaliente de Hoy,Edgardo Alegría Reichmann,sobresaliente,Historia postal y falsificaciones,48,48,3,,serie-6/vol-10/05-el-sobresaliente-de-hoy.md
6,10,2016-12,06,Buzón de novedades,Edgardo Alegría Reichmann,novedades,Historia a través del correo,49,null,20,,serie-6/vol-10/06-buzon-de-novedades.md
6,11,2017-06,01,Editorial,Edgardo Alegría Reichmann,editorial,,3,3,0,,serie-6/vol-11/01-editorial.md
6,11,2017-06,02,Una carta de Poyais,Edgardo Alegría Reichmann,investigacion,Historia a través del correo,4,28,11,,serie-6/vol-11/02-una-carta-de-poyais.md
6,11,2017-06,03,…hará salir con propio…,Edgardo Alegría Reichmann,investigacion,Historia a través del correo,29,30,1,,serie-6/vol-11/03-hara-salir-con-propio.md
6,11,2017-06,04,Un sello con historia,Edgardo Alegría Reichmann,sello-con-historia,Historia a través del correo,31,33,2,,serie-6/vol-11/04-un-sello-con-historia.md
6,11,2017-06,05,¿es antiguo o romano?,Craig Anderson,investigacion,Historia postal y falsificaciones,34,34,5,,serie-6/vol-11/05-es-antiguo-o-romano.md
6,11,2017-06,06,Personajes en los sellos de Honduras,Edgardo Alegría Reichmann,investigacion,Historia a través del correo,35,39,0,,serie-6/vol-11/06-personajes-en-los-sellos-de-honduras.md
6,11,2017-06,07,Una marca fuera de control,Edgardo Alegría Reichmann,investigacion,Historia postal y falsificaciones,40,40,3,,serie-6/vol-11/07-una-marca-fuera-de-control.md
6,11,2017-06,08,El Sobresaliente de Hoy,Edgardo Alegría Reichmann,sobresaliente,Historia a través del correo,41,42,4,,serie-6/vol-11/08-el-sobresaliente-de-hoy.md
6,11,2017-06,09,Buzón de novedades,Edgardo Alegría Reichmann,novedades,Historia a través del correo,43,null,0,,serie-6/vol-11/09-buzon-de-novedades.md
6,12,2017-12,01,Editorial,Edgardo Alegría Reichmann,editorial,,3,3,0,,serie-6/vol-12/01-editorial.md
6,12,2017-12,02,Marcas de agua en la prefilatelia de Honduras,Edgardo Alegría Reichmann,investigacion,Historia postal y falsificaciones,4,25,40,,serie-6/vol-12/02-marcas-de-agua-en-la-prefilatelia-de-honduras.md
6,12,2017-12,03,¿tiene alguien un scott 106b?,Edgardo Alegría Reichmann,investigacion,Historia postal y falsificaciones,26,27,1,,serie-6/vol-12/03-tiene-alguien-un-scott-106b.md
6,12,2017-12,04,Lista especializada de los primeros vuelos desde y hacia Honduras,Mauricio Mejía,investigacion,Transporte y modernidad,28,30,0,,serie-6/vol-12/04-lista-especializada-de-los-primeros-vuelos-desde-y-hacia-hon.md
6,12,2017-12,05,Matasellos y marcas falsas sobre la emisión de la Locomotora de 1898,Edgardo Alegría Reichmann,investigacion,Historia postal y falsificaciones,31,36,17,,serie-6/vol-12/05-matasellos-y-marcas-falsas-sobre-la-emision-de-la-locomotora.md
6,12,2017-12,06,Honduras presente en Brasilia 2017,Mauricio Mejía,investigacion,Historia a través del correo,37,38,1,,serie-6/vol-12/06-honduras-presente-en-brasilia-2017.md
6,12,2017-12,07,Un sello con historia,Edgardo Alegría Reichmann,sello-con-historia,Historia a través del correo,39,40,4,,serie-6/vol-12/07-un-sello-con-historia.md
6,12,2017-12,08,El Sobresaliente de Hoy,Edgardo Alegría Reichmann,sobresaliente,Historia a través del correo,41,41,3,,serie-6/vol-12/08-el-sobresaliente-de-hoy.md
6,12,2017-12,09,Buzón de novedades,Edgardo Alegría Reichmann,novedades,Historia a través del correo,42,null,3,,serie-6/vol-12/09-buzon-de-novedades.md
7,1,2018-06,01,Editorial,Edgardo Alegría Reichmann,editorial,,3,3,1,,serie-7/vol-01/01-editorial.md
7,1,2018-06,02,¿pasó Albert Einstein por amapala?,Edgardo Alegría Reichmann,investigacion,Historia a través del correo,4,13,8,,serie-7/vol-01/02-paso-albert-einstein-por-amapala.md
7,1,2018-06,03,"Edward meeker haight, último piloto de la Central American Line",Edgardo Alegría Reichmann,investigacion,Transporte y modernidad,14,18,8,,serie-7/vol-01/03-edward-meeker-haight-ultimo-piloto-de-la-central-american-li.md
7,1,2018-06,04,La locomotora en la génesis del correo ambulante y paquebote,Edgardo Alegría Reichmann,investigacion,Historia a través del correo,19,20,4,,serie-7/vol-01/04-la-locomotora-en-la-genesis-del-correo-ambulante-y-paquebote.md
7,1,2018-06,05,Correo certificado/primer aviso,Edgardo Alegría Reichmann,investigacion,Historia a través del correo,21,22,5,,serie-7/vol-01/05-correo-certificado-primer-aviso.md
7,1,2018-06,06,La emisión José maría Medina de 1907,Edgardo Alegría Reichmann,investigacion,Historia postal y falsificaciones,23,25,9,,serie-7/vol-01/06-la-emision-jose-maria-medina-de-1907.md
7,1,2018-06,07,Un sello con historia,Edgardo Alegría Reichmann,sello-con-historia,Historia postal y falsificaciones,26,30,2,,serie-7/vol-01/07-un-sello-con-historia.md
7,1,2018-06,08,Como arruinar un sobre,Edgardo Alegría Reichmann,investigacion,Historia postal y falsificaciones,31,32,2,,serie-7/vol-01/08-como-arruinar-un-sobre.md
7,1,2018-06,09,Un buzón de 1877 en tegugigalpa,Edgardo Alegría Reichmann,investigacion,Historia a través del correo,33,34,3,,serie-7/vol-01/09-un-buzon-de-1877-en-tegugigalpa.md
7,1,2018-06,10,El Sobresaliente de Hoy,Edgardo Alegría Reichmann,sobresaliente,Transporte y modernidad,35,35,1,,serie-7/vol-01/10-el-sobresaliente-de-hoy.md
7,1,2018-06,11,Buzón de novedades,Edgardo Alegría Reichmann,novedades,Historia a través del correo,36,null,2,,serie-7/vol-01/11-buzon-de-novedades.md
7,2,2018-12,01,Editorial,Edgardo Alegría Reichmann,editorial,,3,3,0,,serie-7/vol-02/01-editorial.md
7,2,2018-12,02,Enteros postales con respuesta pagada exterior usada de regreso,Edgardo Alegría Reichmann,investigacion,Historia postal y falsificaciones,4,13,17,,serie-7/vol-02/02-enteros-postales-con-respuesta-pagada-exterior-usada-de-regr.md
7,2,2018-12,03,Las sobrecargas “morazán” de 1923,Craig Anderson,investigacion,Historia postal y falsificaciones,14,20,5,,serie-7/vol-02/03-las-sobrecargas-morazan-de-1923.md
7,2,2018-12,04,"El caso del Scott c20b, usado",Craig Anderson,investigacion,Historia postal y falsificaciones,21,23,6,,serie-7/vol-02/04-el-caso-del-scott-c20b-usado.md
7,2,2018-12,05,Un sello con historia,Edgardo Alegría Reichmann,sello-con-historia,Historia a través del correo,24,27,3,,serie-7/vol-02/05-un-sello-con-historia.md
7,2,2018-12,06,El Sobresaliente de Hoy,Edgardo Alegría Reichmann,sobresaliente,Historia a través del correo,28,30,5,,serie-7/vol-02/06-el-sobresaliente-de-hoy.md
7,2,2018-12,07,Buzón de novedades,Edgardo Alegría Reichmann,novedades,Historia a través del correo,31,null,2,,serie-7/vol-02/07-buzon-de-novedades.md
7,3,2019-06,01,Editorial,Edgardo Alegría Reichmann,editorial,,3,3,0,,serie-7/vol-03/01-editorial.md
7,3,2019-06,02,Historia de la tarjeta postal y sus primeros cincuenta años en Honduras,Edgardo Alegría Reichmann,investigacion,Historia a través del correo,4,28,38,,serie-7/vol-03/02-historia-de-la-tarjeta-postal-y-sus-primeros-cincuenta-anos.md
7,3,2019-06,03,Primer vuelo de American Airlines de Tegucigalpa a Dallas,Mauricio Mejía,investigacion,Transporte y modernidad,29,30,3,,serie-7/vol-03/03-primer-vuelo-de-american-airlines-de-tegucigalpa-a-dallas.md
7,3,2019-06,04,Honduras filatèlica presente en china 2019,Edgardo Alegría Reichmann,investigacion,Historia a través del correo,31,31,1,,serie-7/vol-03/04-honduras-filatelica-presente-en-china-2019.md
7,3,2019-06,05,Sellos postales involucrados en històrico timo,Edgardo Alegría Reichmann,investigacion,Intriga y escándalo,32,37,2,,serie-7/vol-03/05-sellos-postales-involucrados-en-historico-timo.md
7,3,2019-06,06,Un sello con historia,Edgardo Alegría Reichmann,sello-con-historia,Transporte y modernidad,38,43,4,,serie-7/vol-03/06-un-sello-con-historia.md
7,3,2019-06,07,El Sobresaliente de Hoy,Edgardo Alegría Reichmann,sobresaliente,Historia a través del correo,44,null,4,,serie-7/vol-03/07-el-sobresaliente-de-hoy.md
7,4,2019-12,01,Editorial,Edgardo Alegría Reichmann,editorial,,3,3,0,,serie-7/vol-04/01-editorial.md
7,4,2019-12,02,El sueño del ferrocarril interoceànico trasciende a la filatelia,Edgardo Alegría Reichmann,investigacion,Transporte y modernidad,4,53,38,,serie-7/vol-04/02-el-sueno-del-ferrocarril-interoceanico-trasciende-a-la-filat.md
7,4,2019-12,03,Binafil 2019 México - Honduras,Mauricio Mejía,investigacion,Historia a través del correo,54,59,9,,serie-7/vol-04/03-binafil-2019-mexico-honduras.md
7,4,2019-12,04,El Sobresaliente de Hoy,Edgardo Alegría Reichmann,sobresaliente,Historia a través del correo,60,62,3,,serie-7/vol-04/04-el-sobresaliente-de-hoy.md
7,4,2019-12,05,Buzón de novedades,Edgardo Alegría Reichmann,novedades,Historia a través del correo,63,null,6,,serie-7/vol-04/05-buzon-de-novedades.md
7,5,2020-06,01,Editorial,Edgardo Alegría Reichmann,editorial,,3,3,0,,serie-7/vol-05/01-editorial.md
7,5,2020-06,02,Correo paquebote de Honduras con matasellos de fantasia norteamericanos,Edgardo Alegría Reichmann,investigacion,Historia postal y falsificaciones,4,11,23,,serie-7/vol-05/02-correo-paquebote-de-honduras-con-matasellos-de-fantasia-nort.md
7,5,2020-06,03,Nuestros nuevos socios,Edgardo Alegría Reichmann,investigacion,Historia a través del correo,12,12,0,,serie-7/vol-05/03-nuestros-nuevos-socios.md
7,5,2020-06,04,La tragedia que ensombreció una vida,Edgardo Alegría Reichmann,investigacion,Historia a través del correo,13,34,16,,serie-7/vol-05/04-la-tragedia-que-ensombrecio-una-vida.md
7,5,2020-06,05,Un sello con historia,Edgardo Alegría Reichmann,sello-con-historia,Transporte y modernidad,35,47,10,,serie-7/vol-05/05-un-sello-con-historia.md
7,5,2020-06,06,El Sobresaliente de Hoy,Edgardo Alegría Reichmann,sobresaliente,Curiosidades,48,null,2,,serie-7/vol-05/06-el-sobresaliente-de-hoy.md
7,6,2020-12,01,Editorial,Edgardo Alegría Reichmann,editorial,,3,3,0,,serie-7/vol-06/01-editorial.md
7,6,2020-12,02,La impronta Follin en Honduras,Edgardo Alegría Reichmann,investigacion,Historia a través del correo,4,15,12,,serie-7/vol-06/02-la-impronta-follin-en-honduras.md
7,6,2020-12,03,¿el puente Ulúa en una estampilla?,Edgardo Alegría Reichmann,investigacion,Historia postal y falsificaciones,16,18,6,,serie-7/vol-06/03-el-puente-ulua-en-una-estampilla.md
7,6,2020-12,04,Nuestros nuevos socios,Edgardo Alegría Reichmann,investigacion,Historia a través del correo,19,19,0,,serie-7/vol-06/04-nuestros-nuevos-socios.md
7,6,2020-12,05,El correo catapultado,Edgardo Alegría Reichmann,investigacion,Transporte y modernidad,20,23,5,,serie-7/vol-06/05-el-correo-catapultado.md
7,6,2020-12,06,Surge un nuevo filatelista en la historia de Honduras,Edgardo Alegría Reichmann,investigacion,Historia postal y falsificaciones,24,26,5,,serie-7/vol-06/06-surge-un-nuevo-filatelista-en-la-historia-de-honduras.md
7,6,2020-12,07,El Sobresaliente de Hoy,Edgardo Alegría Reichmann,sobresaliente,Historia a través del correo,27,31,3,,serie-7/vol-06/07-el-sobresaliente-de-hoy.md
7,6,2020-12,08,Un sello con historia,Edgardo Alegría Reichmann,sello-con-historia,Historia a través del correo,32,39,5,,serie-7/vol-06/08-un-sello-con-historia.md
7,6,2020-12,09,Buzon de novedades,Edgardo Alegría Reichmann,novedades,Historia a través del correo,40,null,2,,serie-7/vol-06/09-buzon-de-novedades.md
7,7,2021-06,01,Editorial,Edgardo Alegría Reichmann,editorial,,3,3,0,,serie-7/vol-07/01-editorial.md
7,7,2021-06,02,La presencia de William Walker en Centro América,Edgardo Alegría Reichmann,investigacion,Historia a través del correo,4,42,32,,serie-7/vol-07/02-la-presencia-de-william-walker-en-centro-america.md
7,7,2021-06,03,La tarifa que pasó desapercibida,Edgardo Alegría Reichmann,investigacion,Historia a través del correo,43,45,2,,serie-7/vol-07/03-la-tarifa-que-paso-desapercibida.md
7,7,2021-06,04,Nuestros nuevos socios,Edgardo Alegría Reichmann,investigacion,Historia a través del correo,46,46,0,,serie-7/vol-07/04-nuestros-nuevos-socios.md
7,7,2021-06,05,El Sobresaliente de Hoy,Edgardo Alegría Reichmann,sobresaliente,Historia postal y falsificaciones,47,47,1,,serie-7/vol-07/05-el-sobresaliente-de-hoy.md
7,7,2021-06,06,Un sello con historia,Edgardo Alegría Reichmann,sello-con-historia,Historia a través del correo,48,51,1,,serie-7/vol-07/06-un-sello-con-historia.md
7,7,2021-06,07,Luctuosa,Edgardo Alegría Reichmann,investigacion,Historia a través del correo,52,null,0,,serie-7/vol-07/07-luctuosa.md
7,8,2021-12,01,Editorial,Edgardo Alegría Reichmann,editorial,,3,3,0,,serie-7/vol-08/01-editorial.md
7,8,2021-12,02,El sistema postal en Nicaragua durante el gobierno espurio de William Walker,Edgardo Alegría Reichmann,investigacion,Historia a través del correo,4,30,37,,serie-7/vol-08/02-el-sistema-postal-en-nicaragua-durante-el-gobierno-espurio-d.md
7,8,2021-12,03,Honduras: los carteros y sus marcas,Edgardo Alegría Reichmann,investigacion,Historia a través del correo,31,45,26,,serie-7/vol-08/03-honduras-los-carteros-y-sus-marcas.md
7,8,2021-12,04,El Sobresaliente de Hoy,Edgardo Alegría Reichmann,sobresaliente,Historia postal y falsificaciones,46,46,1,,serie-7/vol-08/04-el-sobresaliente-de-hoy.md
7,8,2021-12,05,Un sello con historia,Edgardo Alegría Reichmann,sello-con-historia,Historia a través del correo,47,49,3,,serie-7/vol-08/05-un-sello-con-historia.md
7,8,2021-12,06,Nuestro nuevos socios,Edgardo Alegría Reichmann,investigacion,Historia a través del correo,50,50,0,,serie-7/vol-08/06-nuestro-nuevos-socios.md
7,8,2021-12,07,Buzón de novedades,Edgardo Alegría Reichmann,novedades,Historia a través del correo,51,55,15,,serie-7/vol-08/07-buzon-de-novedades.md
7,8,2021-12,08,"Premio \""chatty award\"" de la aps",Edgardo Alegría Reichmann,investigacion,Historia a través del correo,56,null,0,,serie-7/vol-08/08-premio-chatty-award-de-la-aps.md
7,9,2022-06,01,Editorial,Edgardo Alegría Reichmann,editorial,,3,3,0,,serie-7/vol-09/01-editorial.md
7,9,2022-06,02,Enigmas de la Litografía nacional al imprimir la emisión postal de 1896,Edgardo Alegría Reichmann,investigacion,Historia postal y falsificaciones,4,29,17,,serie-7/vol-09/02-enigmas-de-la-litografia-nacional-al-imprimir-la-emision-pos.md
7,9,2022-06,03,Se aprueba una contrata para el transporte de correo a Choluteca,Edgardo Alegría Reichmann,investigacion,Transporte y modernidad,30,33,7,,serie-7/vol-09/03-se-aprueba-una-contrata-para-el-transporte-de-correo-a-cholu.md
7,9,2022-06,04,Bienvenidos nuestros nuevos socios,Edgardo Alegría Reichmann,investigacion,Historia a través del correo,34,34,1,empty-body,serie-7/vol-09/04-bienvenidos-nuestros-nuevos-socios.md
7,9,2022-06,05,Los permitase de la Casa Kohncke,Edgardo Alegría Reichmann,investigacion,Historia postal y falsificaciones,35,49,18,,serie-7/vol-09/05-los-permitase-de-la-casa-kohncke.md
7,9,2022-06,06,El Sobresaliente de Hoy,Edgardo Alegría Reichmann,sobresaliente,Historia postal y falsificaciones,50,50,1,,serie-7/vol-09/06-el-sobresaliente-de-hoy.md
7,9,2022-06,07,Un sello con historia,Edgardo Alegría Reichmann,sello-con-historia,Historia a través del correo,51,51,1,,serie-7/vol-09/07-un-sello-con-historia.md
7,9,2022-06,08,Buzón de novedades,Edgardo Alegría Reichmann,novedades,Historia a través del correo,52,null,2,,serie-7/vol-09/08-buzon-de-novedades.md
7,10,2022-12,01,Editorial,Edgardo Alegría Reichmann,editorial,,3,3,13,,serie-7/vol-10/01-editorial.md
7,10,2022-12,02,El surgimiento y uso del papel sellado,Edgardo Alegría Reichmann,investigacion,,4,21,0,empty-body; heading-image-only,serie-7/vol-10/02-el-surgimiento-y-uso-del-papel-sellado.md
7,10,2022-12,03,En la Capitanía General de Guatemala,Edgardo Alegría Reichmann,investigacion,,22,25,0,empty-body; heading-image-only,serie-7/vol-10/03-en-la-capitania-general-de-guatemala.md
7,10,2022-12,04,Apuntes complementarios,Edgardo Alegría Reichmann,investigacion,Historia postal y falsificaciones,26,29,5,,serie-7/vol-10/04-apuntes-complementarios.md
7,10,2022-12,05,Pruebas de la emisión de Arias de 1896,Brian Moorhouse,investigacion,Historia postal y falsificaciones,30,45,10,,serie-7/vol-10/05-pruebas-de-la-emision-de-arias-de-1896.md
7,10,2022-12,06,El caso excepcional del correo encaminado en Honduras,Edgardo Alegría Reichmann,investigacion,Historia a través del correo,46,50,33,,serie-7/vol-10/06-el-caso-excepcional-del-correo-encaminado-en-honduras.md
7,10,2022-12,07,Renuncia don Pío Bustillo,Edgardo Alegría Reichmann,investigacion,Historia a través del correo,51,52,3,,serie-7/vol-10/07-renuncia-don-pio-bustillo.md
7,10,2022-12,08,El Sobresaliente de Hoy,Edgardo Alegría Reichmann,sobresaliente,Historia a través del correo,53,53,2,,serie-7/vol-10/08-el-sobresaliente-de-hoy.md
7,10,2022-12,09,Un sello con historia buzón de novedades,Edgardo Alegría Reichmann,sello-con-historia,Historia a través del correo,54,null,7,,serie-7/vol-10/09-un-sello-con-historia-buzon-de-novedades.md
7,11,2023-06,01,Editorial,Edgardo Alegría Reichmann,editorial,,3,3,0,,serie-7/vol-11/01-editorial.md
7,11,2023-06,02,Una diligencia al servicio del correo,Edgardo Alegría Reichmann,investigacion,Transporte y modernidad,4,33,20,,serie-7/vol-11/02-una-diligencia-al-servicio-del-correo.md
7,11,2023-06,03,Marcas de control sobre los timbres de Honduras,Edgardo Alegría Reichmann,investigacion,Historia postal y falsificaciones,34,45,49,,serie-7/vol-11/03-marcas-de-control-sobre-los-timbres-de-honduras.md
7,11,2023-06,04,Se perdió un vestido,Edgardo Alegría Reichmann,investigacion,Historia postal y falsificaciones,46,47,6,,serie-7/vol-11/04-se-perdio-un-vestido.md
7,11,2023-06,05,El Sobresaliente de Hoy,Edgardo Alegría Reichmann,sobresaliente,,48,49,0,empty-body; heading-image-only,serie-7/vol-11/05-el-sobresaliente-de-hoy.md
7,11,2023-06,06,Un sello con historia,Edgardo Alegría Reichmann,sello-con-historia,Historia a través del correo,50,54,9,,serie-7/vol-11/06-un-sello-con-historia.md
7,11,2023-06,07,Buzón de novedades,Edgardo Alegría Reichmann,novedades,Historia a través del correo,55,null,4,,serie-7/vol-11/07-buzon-de-novedades.md
7,12,2023-12,01,Editorial,Edgardo Alegría Reichmann,editorial,,3,3,0,,serie-7/vol-12/01-editorial.md
7,12,2023-12,02,Correspondencia multada,Edgardo Alegría Reichmann,investigacion,Historia postal y falsificaciones,4,35,65,,serie-7/vol-12/02-correspondencia-multada.md
7,12,2023-12,03,Falleció christian bostvironois,Edgardo Alegría Reichmann,investigacion,,36,36,0,empty-body; heading-image-only,serie-7/vol-12/03-fallecio-christian-bostvironois.md
7,12,2023-12,04,Iriona ¿una agencia postal descuidada?,Edgardo Alegría Reichmann,investigacion,Historia a través del correo,37,44,14,,serie-7/vol-12/04-iriona-una-agencia-postal-descuidada.md
7,12,2023-12,05,El Sobresaliente de Hoy,Edgardo Alegría Reichmann,sobresaliente,,45,45,0,empty-body; heading-image-only,serie-7/vol-12/05-el-sobresaliente-de-hoy.md
7,12,2023-12,06,Un sello con historia,Edgardo Alegría Reichmann,sello-con-historia,Historia a través del correo,46,48,2,,serie-7/vol-12/06-un-sello-con-historia.md
7,12,2023-12,07,Nuestro nuevo socio,Edgardo Alegría Reichmann,investigacion,,49,49,0,empty-body; heading-image-only,serie-7/vol-12/07-nuestro-nuevo-socio.md
7,12,2023-12,08,Buzón de novedades,Edgardo Alegría Reichmann,novedades,Historia a través del correo,50,null,8,,serie-7/vol-12/08-buzon-de-novedades.md
8,1,2024-06,01,Editorial,Edgardo Alegría Reichmann,editorial,,3,3,0,,serie-8/vol-01/01-editorial.md
8,1,2024-06,02,Gemas de la Mosquitia,Edgardo Alegría Reichmann,investigacion,Historia a través del correo,4,38,20,,serie-8/vol-01/02-gemas-de-la-mosquitia.md
8,1,2024-06,03,Raoul Charles de Thuin – una verdadera pesadilla filatélica,Edgardo Alegría Reichmann,investigacion,Historia postal y falsificaciones,39,60,13,,serie-8/vol-01/03-raoul-charles-de-thuin-una-verdadera-pesadilla-filatelica.md
8,1,2024-06,04,Italo Ghizzoni en la génesis de la filatelia hondureña,Edgardo Alegría Reichmann,investigacion,Historia postal y falsificaciones,61,67,8,,serie-8/vol-01/04-italo-ghizzoni-en-la-genesis-de-la-filatelia-hondurena.md
8,1,2024-06,05,El Sobresaliente de Hoy,Edgardo Alegría Reichmann,sobresaliente,,68,68,0,empty-body; heading-image-only,serie-8/vol-01/05-el-sobresaliente-de-hoy.md
8,1,2024-06,06,Un sello con historia,Edgardo Alegría Reichmann,sello-con-historia,Historia a través del correo,69,70,5,,serie-8/vol-01/06-un-sello-con-historia.md
8,1,2024-06,07,Buzón de novedades,Edgardo Alegría Reichmann,novedades,Historia a través del correo,71,null,6,,serie-8/vol-01/07-buzon-de-novedades.md
8,2,2024-12,01,Editorial,Edgardo Alegría Reichmann,editorial,,3,3,0,,serie-8/vol-02/01-editorial.md
8,2,2024-12,02,Filatelia de la república Mayor de Centro América,Edgardo Alegría Reichmann,investigacion,Historia a través del correo,4,22,41,,serie-8/vol-02/02-filatelia-de-la-republica-mayor-de-centro-america.md
8,2,2024-12,03,"Tres conceptos: ship, Steamship y Steamboat",Edgardo Alegría Reichmann,investigacion,Transporte y modernidad,23,27,4,,serie-8/vol-02/03-tres-conceptos-ship-steamship-y-steamboat.md
8,2,2024-12,04,Los buzones de 1954,Edgardo Alegría Reichmann,investigacion,Historia a través del correo,28,39,23,,serie-8/vol-02/04-los-buzones-de-1954.md
8,2,2024-12,05,El Sobresaliente de Hoy,Edgardo Alegría Reichmann,sobresaliente,,40,42,0,empty-body; heading-image-only,serie-8/vol-02/05-el-sobresaliente-de-hoy.md
8,2,2024-12,06,Una postal primigenia,Edgardo Alegría Reichmann,investigacion,Historia a través del correo,43,43,2,,serie-8/vol-02/06-una-postal-primigenia.md
8,2,2024-12,07,Un sello con historia,Edgardo Alegría Reichmann,sello-con-historia,Historia a través del correo,44,45,3,,serie-8/vol-02/07-un-sello-con-historia.md
8,2,2024-12,08,La Empresa Correos de Honduras inaugura su,Edgardo Alegría Reichmann,investigacion,Historia a través del correo,46,46,7,,serie-8/vol-02/08-la-empresa-correos-de-honduras-inaugura-su.md
8,2,2024-12,09,Primera muestra filatélica Buzón de novedades,Edgardo Alegría Reichmann,novedades,,47,null,0,empty-body; heading-image-only,serie-8/vol-02/09-primera-muestra-filatelica-buzon-de-novedades.md
8,3,2025-06,01,Editorial,Edgardo Alegría Reichmann,editorial,,3,3,0,,serie-8/vol-03/01-editorial.md
8,3,2025-06,02,Variedades en la emisión de celéo arias,Edgardo Alegría Reichmann,investigacion,Historia postal y falsificaciones,4,9,9,,serie-8/vol-03/02-variedades-en-la-emision-de-celeo-arias.md
8,3,2025-06,03,Emerge tarjeta postal de 1897 enviada por un,Edgardo Alegría Reichmann,investigacion,Historia a través del correo,10,16,0,empty-body,serie-8/vol-03/03-emerge-tarjeta-postal-de-1897-enviada-por-un.md
8,3,2025-06,04,Hijo del General Morazán,Erick J. Rodríguez,investigacion,Historia a través del correo,17,30,5,,serie-8/vol-03/04-hijo-del-general-morazan.md
8,3,2025-06,05,"Dr. Raúl Durón membreño, un personaje controvertido",Edgardo Alegría Reichmann,investigacion,Historia postal y falsificaciones,31,37,21,,serie-8/vol-03/05-dr-raul-duron-membreno-un-personaje-controvertido.md
8,3,2025-06,06,El músico que sï merecía un sello postal,Edgardo Alegría Reichmann,investigacion,,38,38,0,empty-body; heading-image-only,serie-8/vol-03/06-el-musico-que-si-merecia-un-sello-postal.md
8,3,2025-06,07,Nuestro nuevo socio,Edgardo Alegría Reichmann,investigacion,,39,45,0,empty-body; heading-image-only,serie-8/vol-03/07-nuestro-nuevo-socio.md
8,3,2025-06,08,Surgimiento de los enteros telegráficos de 15 y 20 centavos,Edgardo Alegría Reichmann,investigacion,Historia postal y falsificaciones,46,47,14,,serie-8/vol-03/08-surgimiento-de-los-enteros-telegraficos-de-15-y-20-centavos.md
8,3,2025-06,09,El Sobresaliente de Hoy,Edgardo Alegría Reichmann,sobresaliente,,48,49,0,empty-body; heading-image-only,serie-8/vol-03/09-el-sobresaliente-de-hoy.md
8,3,2025-06,10,Un sello con historia buzón de novedades,Edgardo Alegría Reichmann,sello-con-historia,Historia a través del correo,50,null,18,,serie-8/vol-03/10-un-sello-con-historia-buzon-de-novedades.md
8,4,2025-08,01,Editorial,Edgardo Alegría Reichmann,editorial,,3,3,0,,serie-8/vol-04/01-editorial.md
8,4,2025-08,02,Censura postal CIVIL al correo de Honduras durante la Segunda guerra Mundial,Edgardo Alegría Reichmann,investigacion,Historia a través del correo,4,31,43,,serie-8/vol-04/02-censura-postal-civil-al-correo-de-honduras-durante-la-segund.md
8,4,2025-08,03,La Locomotora – su reimpresión de 1902,Edgardo Alegría Reichmann,investigacion,Historia postal y falsificaciones,32,42,17,,serie-8/vol-04/03-la-locomotora-su-reimpresion-de-1902.md
8,4,2025-08,04,Artículos publicados en Honduras filatélica,Edgardo Alegría Reichmann,investigacion,Historia a través del correo,43,49,2,,serie-8/vol-04/04-articulos-publicados-en-honduras-filatelica.md
8,4,2025-08,05,El Sobresaliente de Hoy,Edgardo Alegría Reichmann,sobresaliente,,50,51,0,empty-body; heading-image-only,serie-8/vol-04/05-el-sobresaliente-de-hoy.md
8,4,2025-08,06,Un sello con Historia,Edgardo Alegría Reichmann,sello-con-historia,Historia postal y falsificaciones,52,52,2,,serie-8/vol-04/06-un-sello-con-historia.md
8,4,2025-08,07,Gotas del saber,Edgardo Alegría Reichmann,investigacion,Transporte y modernidad,53,53,1,,serie-8/vol-04/07-gotas-del-saber.md
8,4,2025-08,08,Nuestro nuevo socio,Edgardo Alegría Reichmann,investigacion,,54,53,0,empty-body; heading-image-only,serie-8/vol-04/08-nuestro-nuevo-socio.md
8,4,2025-08,09,Canje filatélico,Edgardo Alegría Reichmann,investigacion,Historia a través del correo,54,54,1,,serie-8/vol-04/09-canje-filatelico.md
8,4,2025-08,10,Buzón de novedades,Edgardo Alegría Reichmann,novedades,Historia a través del correo,55,null,2,,serie-8/vol-04/10-buzon-de-novedades.md
8,5,2026-01,01,Editorial,Edgardo Alegría Reichmann,editorial,,3,3,0,,serie-8/vol-05/01-editorial.md
8,5,2026-01,02,Cancelaciones falsas en la emisión provisional de Honduras de 1877,Edgardo Alegría Reichmann,investigacion,Historia postal y falsificaciones,4,10,21,,serie-8/vol-05/02-cancelaciones-falsas-en-la-emision-provisional-de-honduras-d.md
8,5,2026-01,03,Matasellos y sellos fechadores usados en las emisiones Seebeck,Edgardo Alegría Reichmann,investigacion,Historia postal y falsificaciones,11,40,50,,serie-8/vol-05/03-matasellos-y-sellos-fechadores-usados-en-las-emisiones-seebe.md
8,5,2026-01,04,Retirando charnelas de manera segura,Edgardo Alegría Reichmann,investigacion,Historia postal y falsificaciones,41,47,13,,serie-8/vol-05/04-retirando-charnelas-de-manera-segura.md
8,5,2026-01,05,Nuestro nuevo socio,Edgardo Alegría Reichmann,investigacion,,48,48,0,empty-body; heading-image-only,serie-8/vol-05/05-nuestro-nuevo-socio.md
8,5,2026-01,06,El Sobresaliente de Hoy,Edgardo Alegría Reichmann,sobresaliente,,49,50,0,empty-body; heading-image-only,serie-8/vol-05/06-el-sobresaliente-de-hoy.md
8,5,2026-01,07,Un sello con historia,Edgardo Alegría Reichmann,sello-con-historia,Transporte y modernidad,51,51,1,,serie-8/vol-05/07-un-sello-con-historia.md
8,5,2026-01,08,Credo del filatelista,Edgardo Alegría Reichmann,credo,Historia a través del correo,52,null,0,,serie-8/vol-05/08-credo-del-filatelista.md
